Keyword,Category,Est Monthly Search Volume,Competition,Competitor Ranking,Search Intent,Relevance (1-10),Intent (1-10),Rankability (1-10),Traffic Potential (1-10),Conversion Potential (1-10),Total Score (/70),Tier,Recommendation
danish dough whisk,Exact Match,40500,High,"OYV #1, Brod & Taylor #2, Coson Home #3 (Amazon)",Transaction/Commercial,10,9,3,9,9,40,TIER 2 — SECONDARY,Include in product description + FAQ + image alt text — too competitive for new site to rank #1
danish whisk,Exact Match,22200,High,"ORBLUE #1, Wovilon #2 (Amazon)",Transaction/Commercial,9,9,3,8,8,37,TIER 2 — SECONDARY,Include in product description + supporting content
dough whisk,Exact Match,18100,High,"OYV #1, Brod & Taylor #2 (Amazon)",Transaction/Commercial,9,9,4,8,8,38,TIER 2 — SECONDARY,Include in product description + supporting content
bread dough whisk,Phrase Match,12100,Medium,"Multiple competitors on Amazon",Transaction/Commercial,9,9,5,8,8,39,TIER 2 — SECONDARY,Target in product description + how-to guides
sourdough whisk,Phrase Match,9900,Medium,"Breadtopia, OYV, multiple Amazon",Transaction/Commercial,10,9,5,8,9,41,TIER 2 — SECONDARY,Target in product description + sourdough recipe content
best danish dough whisk,Phrase Match,8100,High,"Review sites dominate page 1",Commercial Investigation,10,10,3,8,8,39,TIER 2 — SECONDARY,Create comparison/review blog post to compete
best dough whisk for bread,Phrase Match,5400,Medium,"JayArr Bread #1, review sites",Commercial Investigation,9,10,5,7,8,39,TIER 2 — SECONDARY,Create comparison/review blog post
danish dough whisk for sourdough,Long Tail,3600,Medium,"Review sites, Amazon listings",Transaction/Commercial,10,10,6,7,9,42,TIER 2 — SECONDARY,Target in product description + sourdough how-to content
danish dough whisk review,Long Tail,2900,Medium,"JayArr Bread, review sites",Commercial Investigation,10,10,5,7,8,40,TIER 2 — SECONDARY,Create detailed product review page
dutch dough whisk,Phrase Match,2400,Low,"ORBLUE listing on Walmart/Amazon",Transaction/Commercial,8,9,7,6,8,38,TIER 2 — SECONDARY,Include in product description as alternative name
danish dough whisk set,Long Tail,2400,Low,"Walmart listings",Transaction,8,10,7,6,9,40,TIER 2 — SECONDARY,If offering a bundle/set this is key
danish dough whisk 2 pack,Long Tail,1900,Low,"Coson Home dominates",Transaction,7,10,7,5,9,38,TIER 2 — SECONDARY,Include in product description for bundle offering
bread whisk,Phrase Match,6600,Medium,"Multiple Amazon listings",Transaction/Commercial,8,8,5,7,7,35,TIER 3 — SUPPORTING,Use in blog content + how-to guides
sourdough bread tools,Broad Match,4400,Medium,"Multiple review sites",Informational/Commercial,7,8,5,6,7,33,TIER 3 — SUPPORTING,Create blog post: Essential sourdough bread tools
dough mixing tool,Broad Match,3600,Low,"Limited competition",Informational/Commercial,7,7,7,6,7,34,TIER 3 — SUPPORTING,Use in product description as secondary term
bread mixing tool,Broad Match,2900,Low,"Limited competition",Informational/Commercial,7,7,7,6,7,34,TIER 3 — SUPPORTING,Use in product description + blog content
batter mixing tool,Broad Match,1900,Low,"Very low competition",Informational/Commercial,6,7,8,5,6,32,TIER 3 — SUPPORTING,Use in blog content for versatility angle
no stick dough whisk,Benefit,1600,Low,"Limited competition",Commercial,8,9,7,5,8,37,TIER 2 — SECONDARY,Use in product description + ad copy
heavy duty dough whisk,Benefit,1300,Low,"Brod & Taylor uses this term",Commercial,8,9,7,5,8,37,TIER 2 — SECONDARY,Use in product description for premium positioning
dishwasher safe dough whisk,Benefit,1000,Low,"Brod & Taylor ranks",Commercial,8,10,7,4,9,38,TIER 2 — SECONDARY,Use in product description if product is dishwasher safe
brod and taylor dough whisk,Brand Competitor,2400,High,"Brod & Taylor own brand terms",Navigational,5,8,2,3,5,23,TIER 4 — LONG TAIL,Do NOT target — trademarked brand name
king arthur dough whisk,Brand Competitor,1300,High,"King Arthur own brand terms",Navigational,5,8,2,3,5,23,TIER 4 — LONG TAIL,Do NOT target — trademarked brand name
zulay kitchen dough whisk,Brand Competitor,880,High,"Zulay own brand terms",Navigational,5,8,2,3,5,23,TIER 4 — LONG TAIL,Do NOT target — trademarked brand name
orblue dough whisk,Brand Competitor,720,Medium,"ORBLUE own brand terms",Navigational,5,8,2,3,5,23,TIER 4 — LONG TAIL,Do NOT target — trademarked brand name
coson home dough whisk,Brand Competitor,590,Medium,"Coson Home own brand terms",Navigational,5,8,2,3,5,23,TIER 4 — LONG TAIL,Do NOT target — trademarked brand name
teevea dough whisk,Brand Competitor,480,Low,"TEEVEA own brand terms",Navigational,5,8,2,3,5,23,TIER 4 — LONG TAIL,Do NOT target — trademarked brand name
how to use a danish dough whisk,Question,2400,Low,"Blog posts, YouTube",Informational,9,5,8,6,4,32,TIER 3 — SUPPORTING,Create how-to blog post + video
what is a danish dough whisk,Question,1900,Low,"Blog posts",Informational,9,4,8,5,3,29,TIER 3 — LONG TAIL,Create educational blog post
are danish dough whisks good,Question,1000,Low,"Blog posts, forums",Informational,8,5,8,4,4,29,TIER 3 — LONG TAIL,Create FAQ + review content
do I need a dough whisk,Question,720,Low,"Forums, blogs",Informational/Commercial,8,6,8,4,5,31,TIER 3 — LONG TAIL,Create comparison blog post
danish whisk vs wooden spoon,Comparison,1300,Low,"Sourdough Science, blogs",Informational/Commercial,9,7,8,5,5,34,TIER 3 — SUPPORTING,Create comparison blog post
danish whisk vs balloon whisk,Comparison,880,Low,"Blog posts",Informational/Commercial,9,7,8,4,5,33,TIER 3 — LONG TAIL,Create comparison blog post
danish dough whisk vs stand mixer,Comparison,590,Low,"Blog posts",Informational/Commercial,8,7,8,4,5,32,TIER 3 — LONG TAIL,Create comparison blog post
how to mix dough without sticking,Problem Aware,1600,Low,"Blog posts, forums",Informational,8,5,8,5,4,30,TIER 3 — LONG TAIL,Create how-to blog post
thick dough mixing tool,Problem Aware,880,Low,"Very low competition",Commercial,7,7,8,4,6,32,TIER 3 — LONG TAIL,Use in product description
best bread making tools,Broad Match,3600,Medium,"Review sites",Commercial Investigation,7,8,5,6,6,32,TIER 3 — SUPPORTING,Create blog post: Essential bread making tools
sourdough bread making tools,Broad Match,2400,Medium,"Review sites",Commercial Investigation,8,8,6,6,7,35,TIER 3 — SUPPORTING,Create blog post: Essential sourdough tools
bread scoring tool,Related Product,4400,Medium,"Amazon listings",Transaction,6,8,5,5,6,30,TIER 4 — LONG TAIL,Use in bundle content only
bench scraper baking,Related Product,6600,Medium,"Amazon listings",Transaction,5,8,4,5,6,28,TIER 4 — LONG TAIL,Use in bundle content only
sourdough starter kit,Broad Match,9900,Medium,"Amazon, review sites",Transaction/Commercial,7,9,4,6,7,33,TIER 3 — SUPPORTING,Create landing page for bundle offering
easy dough mixing,Benefit,720,Low,"Very low competition",Informational/Commercial,7,7,8,4,6,32,TIER 3 — LONG TAIL,Use in product description
best danish dough whisk 2026,Phrase Match,1600,Low,"Review sites dominate",Commercial Investigation,10,10,5,6,8,39,TIER 2 — SECONDARY,Create comparison blog post with current year
danish dough whisk dishwasher safe,Long Tail,880,Low,"Brod & Taylor ranks",Commercial,8,10,7,4,9,38,TIER 2 — SECONDARY,Use in product description if applicable
danish dough whisk stainless steel,Long Tail,1300,Low,"Amazon listings",Commercial,9,9,6,5,8,37,TIER 2 — SECONDARY,Use in product description
danish dough whisk with wooden handle,Long Tail,720,Low,"Amazon listings",Commercial,8,9,7,4,8,36,TIER 3 — SUPPORTING,Use in product description if applicable
seamless dough whisk,Long Tail,590,Low,"OYV dominates",Commercial,8,9,8,4,9,38,TIER 2 — SECONDARY,Use in product description if product is seamless
dough whisk for pizza dough,Long Tail,1000,Low,"Amazon listings",Transaction/Commercial,8,9,7,5,8,37,TIER 2 — SECONDARY,Create pizza recipe blog post
dough whisk for cookie dough,Long Tail,720,Low,"Amazon listings",Transaction/Commercial,7,9,7,4,7,34,TIER 3 — SUPPORTING,Create cookie recipe blog post
danish dough whisk波兰 (made in Poland),Long Tail,480,Low,"Breadtopia, review sites",Informational/Commercial,6,6,8,3,5,28,TIER 4 — LONG TAIL,Use in product description as origin story
brødpisker (Danish name),Long Tail,390,Very Low,"Almost no competition",Informational,7,5,9,3,3,27,TIER 4 — LONG TAIL,Use in blog content for SEO authority
